{"__type__":"cc.AnimationClip","_name":"parCube","_duration":6.016666666666667,"wrapMode":"2","curveData":{"props":{"position":[{"frame":0,"value":[0,-751]},{"frame":3.0166666666666666,"value":[0,726]},{"frame":6.016666666666667,"value":[0,-751]}]}}}